"title","rating"
"Matrix (1999)","8,7"
"Yüzüklerin Efendisi: Yüzük Kardesligi (2001)","8,8""title","rating"
"Matrix (1999)","8,7"
"Yüzüklerin Efendisi: Yüzük Kardesligi (2001)","8,8""title","rating"
"Matrix (1999)","8,7"
"Yüzüklerin Efendisi: Yüzük Kardesligi (2001)","8,8""title","rating"
"Matrix (1999)","8,7"
"Yüzüklerin Efendisi: Yüzük Kardesligi (2001)","8,8""title","rating"
"Matrix (1999)","8,7"
"Yüzüklerin Efendisi: Yüzük Kardesligi (2001)","8,8""title","rating"
"Matrix (1999)","8,7"
"Yüzüklerin Efendisi: Yüzük Kardesligi (2001)","8,8""title","rating"
"Matrix (1999)","8,7"
"Yüzüklerin Efendisi: Yüzük Kardesligi (2001)","8,8""title","rating"
"Matrix (1999)","8,7"
"Yüzüklerin Efendisi: Yüzük Kardesligi (2001)","8,8""title","rating"
"Matrix (1999)","8,7"
"Yüzüklerin Efendisi: Yüzük Kardesligi (2001)","8,8""title","rating"
"Matrix (1999)","8,7"
"Yüzüklerin Efendisi: Yüzük Kardesligi (2001)","8,8""title","rating"
"Matrix (1999)","8,7"
"Yüzüklerin Efendisi: Yüzük Kardesligi (2001)","8,8""title","rating"
"Matrix (1999)","8,7"
"Yüzüklerin Efendisi: Yüzük Kardesligi (2001)","8,8""title","rating"
"Matrix (1999)","8,7"
"Yüzüklerin Efendisi: Yüzük Kardesligi (2001)","8,8""title","rating"
"Matrix (1999)","8,7"
"Yüzüklerin Efendisi: Yüzük Kardesligi (2001)","8,8""title","rating"
"Matrix (1999)","8,7"
"Yüzüklerin Efendisi: Yüzük Kardesligi (2001)","8,8""title","rating"
"Matrix (1999)","8,7"
"Yüzüklerin Efendisi: Yüzük Kardesligi (2001)","8,8""title","rating"
"Matrix (1999)","8,7"
"Yüzüklerin Efendisi: Yüzük Kardesligi (2001)","8,8""title","rating"
"Matrix (1999)","8,7"
"Yüzüklerin Efendisi: Yüzük Kardesligi (2001)","8,8""title","rating"
"Matrix (1999)","8,7"
"Yüzüklerin Efendisi: Yüzük Kardesligi (2001)","8,8""title","rating"
"Matrix (1999)","8,7"
"Yüzüklerin Efendisi: Yüzük Kardesligi (2001)","8,8""title","rating"
"Matrix (1999)","8,7"
"Yüzüklerin Efendisi: Yüzük Kardesligi (2001)","8,8""title","rating"
"Matrix (1999)","8,7"
"Yüzüklerin Efendisi: Yüzük Kardesligi (2001)","8,8""title","rating"
"Matrix (1999)","8,7"
"Yüzüklerin Efendisi: Yüzük Kardesligi (2001)","8,8""title","rating"
"Matrix (1999)","8,7"
"Yüzüklerin Efendisi: Yüzük Kardesligi (2001)","8,8""title","rating"
"Matrix (1999)","8,7"
"Yüzüklerin Efendisi: Yüzük Kardesligi (2001)","8,8""title","rating"
"Matrix (1999)","8,7"
"Yüzüklerin Efendisi: Yüzük Kardesligi (2001)","8,8""title","rating"
"Matrix (1999)","8,7"
"Yüzüklerin Efendisi: Yüzük Kardesligi (2001)","8,8""title","rating"
"Matrix (1999)","8,7"
"Yüzüklerin Efendisi: Yüzük Kardesligi (2001)","8,8""title","rating"
"Matrix (1999)","8,7"
"Yüzüklerin Efendisi: Yüzük Kardesligi (2001)","8,8""title","rating"
"Matrix (1999)","8,7"
"Yüzüklerin Efendisi: Yüzük Kardesligi (2001)","8,8""title","rating"
"Matrix (1999)","8,7"
"Yüzüklerin Efendisi: Yüzük Kardesligi (2001)","8,8""title","rating"
"Matrix (1999)","8,7"
"Yüzüklerin Efendisi: Yüzük Kardesligi (2001)","8,8""title","rating"
"Matrix (1999)","8,7"
"Yüzüklerin Efendisi: Yüzük Kardesligi (2001)","8,8""title","rating"
"Matrix (1999)","8,7"
"Yüzüklerin Efendisi: Yüzük Kardesligi (2001)","8,8""title","rating"
"Matrix (1999)","8,7"
"Yüzüklerin Efendisi: Yüzük Kardesligi (2001)","8,8"